id;prj_appuis;nom_benef;prenom_benef;profession_benef;nb_usagers;contacts;longitude;latitude;date_remise_devis;date_debut_travaux;date_fin_travaux;rue;porte;cout_menage;subv_onea;subv_projet;autre_subv;toles;animateur;superviseur;controleur
1;Wooden interactive;c;Industrial b a;Designer Superviseur Laffitte;58059;whiteboard payment;63147;7175;2021-05-10T15:06:57;2021-05-11T10:32:05;2021-05-11T03:06:31;b a;orange Savings transmit;Handmade a Phased;35505;43386;32032;30976;Money;Superviseur;Lorraine a Table
2;c Money;Chicken;de Specialiste;Metal;52298;Coordinateur Table FTP;46980;14258;2021-05-11T10:27:48;2021-05-10T21:32:51;2021-05-10T16:38:32;Administrateur b invoice;Awesome;Account de;42801;37039;40435;12794;Tuna RAM;Architecte Gold Bourgogne;b Bedfordshire b
3;Guilder system a;Turquie;multi-byte microchip;Clothing;52324;Pre-emptive;16907;64050;2021-05-11T10:37:12;2021-05-10T23:07:40;2021-05-10T18:37:46;Frozen c;bluetooth intuitive b;Aquitaine Borders Awesome;859;70066;19700;4833;navigating Car;calculate;Integrated
4;Practical;structure efficient discrete;parsing Djibouti;Cotton;71092;Practical;43861;9223;2021-05-11T02:04:24;2021-05-10T12:24:05;2021-05-10T22:42:14;a Account value-added;Bedfordshire;collaborative IB instruction;53534;20045;46437;76478;invoice;partnerships sky unleash;Centre
5;synthesize global protocol;Games integrated payment;pixel;Salomon Tilsitt Savings;76907;XSS scale Gorgeous;91746;17564;2021-05-11T02:28:53;2021-05-11T04:14:20;2021-05-10T23:53:11;Compatible Berkshire Vaugirard;Mauritius Designer;portals 1080p 1080p;16028;28008;30088;46747;Baby Rial grow;transition;grey Intelligent Pastourelle
6;a Buckinghamshire a;THX;transmit Awesome;deliverables services;15921;tolerance out-of-the-box;34301;83279;2021-05-10T13:38:51;2021-05-11T06:17:13;2021-05-10T15:31:00;driver program;Euro client-server Intelligent;bypassing loyalty;2803;83988;46931;55237;Dram ivory real-time;override;calculate
7;tan withdrawal;Poitou-Charentes;du Du SMTP;encoding Toys parse;45338;Towels Rwanda Cambridgeshire;4130;93633;2021-05-10T17:51:24;2021-05-11T04:47:14;2021-05-10T14:42:19;index Kazakhstan Buckinghamshire;application Generic;Panoramas wireless a;1046;74628;73864;19383;generation Buckinghamshire iterate;vortals Health;Poitou-Charentes
8;revolutionary e-tailers COM;Music systems;deploy Computers Malagasy;transmit Saint-Denis olive;78301;Savings Marcadet compress;14268;12084;2021-05-11T09:04:53;2021-05-10T19:07:49;2021-05-11T00:27:22;Decentralized Soft Account;Generic;calculating context-sensitive payment;58615;8209;52641;90361;primary;systematic Directeur Ball;Limousin Provence-Alpes-CÃ´te
9;c c value-added;recontextualize;Cotton Pants Refined;cross-platform;15284;drive Bedfordshire;33491;57741;2021-05-10T19:02:39;2021-05-10T21:02:56;2021-05-11T05:59:46;Bedfordshire mobile;Sausages olive;Grands parsing Shirt;8179;42162;33183;71168;Awesome;grid-enabled;c
10;cutting-edge standardization;Market Chair;Handcrafted;back-end deposit;51708;Frozen Clothing bandwidth;49464;94959;2021-05-11T03:58:25;2021-05-11T10:55:41;2021-05-10T11:50:13;users Wooden Rustic;user-facing b Avon;Sleek;38566;52485;46460;70819;b Account;Salad c neural;e-business architecture card
